line_id,species,E_k_eV,ordinate_ln_I_over_gA,fitted_ordinate
XI_1,X I,3.14,-15.78091,-15.77555
XI_2,X I,4.02,-16.76643,-16.80016
XI_3,X I,4.83,-17.75217,-17.74326
XI_4,X I,5.24,-18.24010,-18.22064
YI_1,Y I,3.33,-15.92307,-15.94685
YI_2,Y I,3.4,-16.00937,-16.02835
YI_3,Y I,4.1,-16.83554,-16.84338
YI_4,Y I,4.73,-17.61007,-17.57691
YI_5,Y I,5.1,-18.03127,-18.00771
YI_6,Y I,5.85,-18.87718,-18.88096
YI_7,Y I,6.2,-19.28614,-19.28847
YII_1,Y II,4.77,-15.98747,-15.97237
YII_2,Y II,5.55,-16.85833,-16.88055
YII_3,Y II,5.9,-17.28856,-17.28806
YII_4,Y II,7.1,-18.70540,-18.68525
YII_5,Y II,7.75,-19.42854,-19.44207
ZII_1,Z II,4.4,-18.71572,-18.69576
ZII_2,Z II,5.8,-20.28552,-20.32581
ZII_3,Z II,6.1,-20.72438,-20.67511
ZII_4,Z II,6.95,-21.68850,-21.66479
ZII_5,Z II,7.6,-22.36896,-22.42160
