id,family,checkpoint,label,definition,Ne_ratio,T_ratio,mass_percent_X,mass_percent_Y,mass_percent_Z,ratio_X,ratio_Y,ratio_Z,Ne_Saha_over_Ne_Stark_Y,residual_sd,zeta_X,zeta_Y,zeta_Z,zeta_repeatability_only_X,zeta_repeatability_only_Y,zeta_repeatability_only_Z,flags
BASE,baseline,,Baseline reconstruction,,1.0000,1.0000,5.9817,91.0344,2.9839,1.0000,1.0000,1.0000,0.9869,0.0314,-0.01,0.02,-0.06,-0.19,0.16,-0.44,
U1,uncertainty,A2,Temperature +5%,temperature multiplied by 1.05; slope set to -1/(k_B T); species intercepts and scatter re-derived from the data with that slope,1.0000,1.0500,9.1737,88.0804,2.7459,1.5336,0.9676,0.9202,1.7898,0.0722,1.37,-1.30,-1.00,25.14,-13.03,-7.22,
U2,uncertainty,A2,Stark parameter +20%,Stark parameter multiplied by 1.20,0.8333,1.0000,6.9785,90.1167,2.9049,1.1666,0.9899,0.9735,1.1842,0.0314,0.53,-0.50,-0.35,9.07,-4.11,-2.65,
U3,uncertainty,A2,Transition probabilities of X I lines +10%,A_ki of all X I lines multiplied by 1.10,1.0000,1.0000,5.4677,91.5321,3.0002,0.9141,1.0055,1.0055,0.9869,0.0314,-0.37,0.38,0.00,-5.76,2.55,0.01,
U4,uncertainty,A2,Spectral response tilted by +5% per 100 nm,every intensity multiplied by 1 + 0.05 (lambda - 400 nm)/(100 nm),1.0000,0.9955,5.9557,91.0791,2.9651,0.9957,1.0005,0.9937,1.0002,0.0460,-0.03,0.05,-0.13,-0.46,0.38,-0.96,
C1,slip,A1,Instrumental width not removed,observed width used as the Stark width,1.2060,1.0000,5.1134,91.8156,3.0711,0.8548,1.0086,1.0292,0.8183,0.0314,-0.67,0.65,0.24,-10.04,3.93,1.93,
C2,slip,A1,Quadrature subtraction applied to a Voigt profile,Stark width = sqrt(W^2 - G^2),1.1046,1.0000,5.5021,91.4686,3.0293,0.9198,1.0048,1.0152,0.8934,0.0314,-0.35,0.34,0.10,-5.40,2.25,0.80,
C3,slip,A2,Half width (HWHM) used as a full width,electron density multiplied by 2,2.0000,1.0000,3.3926,93.2473,3.3601,0.5672,1.0243,1.1261,0.4934,0.0314,-3.06,2.83,1.06,-35.85,11.10,9.21,DR
C4,slip,A2,Full width (FWHM) used as a half width,electron density multiplied by 0.5,0.5000,1.0000,10.7620,86.5423,2.6957,1.7991,0.9507,0.9034,1.9737,0.0314,1.72,-1.66,-1.20,31.91,-18.85,-8.66,D
C5,slip,A2,Reference density too high by a factor of 10,reference density multiplied by 10,10.0000,1.0000,1.2020,93.0222,5.7757,0.2009,1.0218,1.9356,0.0987,0.0314,-21.81,2.33,2.88,-78.87,9.71,38.61,DR
C6,slip,A2,Reference density too low by a factor of 10,reference density multiplied by 0.1,0.1000,1.0000,36.5570,61.6043,1.8387,6.1115,0.6767,0.6162,9.8685,0.0314,4.63,-4.57,-4.78,88.01,-76.44,-33.80,DR
C7,slip,A2,Energy-unit ordinate applied to photon-unit intensities,ordinate ln[I lambda/(g A)] instead of ln[I/(g A)],1.0000,0.9741,5.6056,91.5096,2.8848,0.9371,1.0052,0.9668,1.0405,0.1767,-0.27,0.38,-0.42,-4.32,2.45,-3.16,S
C8,slip,A4,Ground-level weights used in place of partition functions,"every partition function replaced by the statistical weight of the ground level; in the propagation for the reference test, the uncertainty assigned to the partition functions is applied to these weights",1.0000,1.0000,25.8090,72.3721,1.8189,4.3147,0.7950,0.6096,0.9869,0.0314,3.67,-3.54,-5.45,70.28,-56.27,-35.07,R
C9,slip,A4,Mole fractions reported as mass fractions,mole-to-mass conversion omitted,1.0000,1.0000,11.8889,87.2407,0.8703,1.9875,0.9583,0.2917,0.9869,0.0314,2.05,-1.32,-22.79,38.29,-15.49,-69.38,R
