line_id,replicate_1,replicate_2,replicate_3,replicate_4,replicate_5
XI_1,14.01,13.22,14.40,13.25,13.60
XI_2,12.55,12.58,11.27,11.80,11.87
XI_3,8.781,8.869,8.893,9.128,8.630
XI_4,0.2875,0.2914,0.2782,0.2945,0.2927
YI_1,21.39,21.73,21.52,22.11,20.35
YI_2,7.804,7.619,7.591,7.930,7.292
YI_3,10.98,11.20,10.14,11.06,11.46
YI_4,9.447,10.21,10.16,9.865,9.547
YI_5,5.314,5.400,5.355,5.309,5.214
YI_6,2.534,2.662,2.609,2.525,2.605
YI_7,1.473,1.592,1.550,1.486,1.429
YII_1,250.7,257.8,255.9,238.2,249.9
YII_2,57.24,53.73,52.51,57.44,55.62
YII_3,5.584,5.470,5.392,5.596,5.439
YII_4,13.54,13.97,12.89,13.67,13.84
YII_5,3.504,3.406,3.280,3.319,3.395
ZII_1,4.467,4.317,4.195,4.514,4.376
ZII_2,1.983,1.942,1.881,1.794,1.846
ZII_3,0.8990,0.9379,0.9658,0.8959,0.9185
ZII_4,0.2133,0.2098,0.2141,0.2136,0.2094
ZII_5,0.1273,0.1161,0.1138,0.1175,0.1186
